"","Month","DayOfWeek","Seasons","TransportExpense","DistanceToWork","ServiceTime","Age","Workload","Hit.target","DisciplineFailure","Education","Children","SocialDrink","SocialSmoke","Pet","Weight","Height","Body.mass.index","AbsentTime"
"1",7,3,1,289,36,13,33,"239,554",97,"0",1,2,"1","0",1,90,172,30,4
"2",7,3,1,118,13,18,50,"239,554",97,"1",1,1,"1","0",0,98,178,31,0
"3",7,4,1,179,51,18,38,"239,554",97,"0",1,0,"1","0",0,89,170,31,2
"4",7,5,1,279,5,14,39,"239,554",97,"0",1,2,"1","1",0,68,168,24,4
"5",7,5,1,289,36,13,33,"239,554",97,"0",1,2,"1","0",1,90,172,30,2
"6",7,6,1,179,51,18,38,"239,554",97,"0",1,0,"1","0",0,89,170,31,2
"7",7,6,1,361,52,3,28,"239,554",97,"0",1,1,"1","0",4,80,172,27,8
"8",7,6,1,260,50,11,36,"239,554",97,"0",1,4,"1","0",0,65,168,23,4
"9",7,2,1,155,12,14,34,"239,554",97,"0",1,2,"1","0",0,95,196,25,40
"10",7,2,1,235,11,14,37,"239,554",97,"0",3,1,"0","0",1,88,172,29,8
"11",7,2,1,260,50,11,36,"239,554",97,"0",1,4,"1","0",0,65,168,23,8
"12",7,3,1,260,50,11,36,"239,554",97,"0",1,4,"1","0",0,65,168,23,8
"13",7,4,1,260,50,11,36,"239,554",97,"0",1,4,"1","0",0,65,168,23,8
"14",7,4,1,179,51,18,38,"239,554",97,"0",1,0,"1","0",0,89,170,31,1
"15",7,4,1,179,51,18,38,"239,554",97,"0",1,0,"1","0",0,89,170,31,4
"16",7,6,1,246,25,16,41,"239,554",97,"0",1,0,"1","0",0,67,170,23,8
"17",7,6,1,179,51,18,38,"239,554",97,"0",1,0,"1","0",0,89,170,31,2
"18",7,2,1,179,51,18,38,"239,554",97,"0",1,0,"1","0",0,89,170,31,8
"19",7,5,1,189,29,13,33,"239,554",97,"0",1,2,"0","0",2,69,167,25,8
"20",8,4,1,248,25,14,47,"205,917",92,"0",1,2,"0","0",1,86,165,32,2
"21",8,4,1,330,16,4,28,"205,917",92,"0",2,0,"0","0",0,84,182,25,8
"22",8,2,1,179,51,18,38,"205,917",92,"0",1,0,"1","0",0,89,170,31,1
"23",8,2,1,361,52,3,28,"205,917",92,"0",1,1,"1","0",4,80,172,27,40
"24",8,6,1,260,50,11,36,"205,917",92,"0",1,4,"1","0",0,65,168,23,4
"25",8,2,1,289,36,13,33,"205,917",92,"0",1,2,"1","0",1,90,172,30,8
"26",8,2,1,361,52,3,28,"205,917",92,"0",1,1,"1","0",4,80,172,27,7
"27",8,3,1,289,36,13,33,"205,917",92,"0",1,2,"1","0",1,90,172,30,1
"28",8,4,1,157,27,6,29,"205,917",92,"0",1,0,"1","1",0,75,185,22,4
"29",8,4,1,289,36,13,33,"205,917",92,"0",1,2,"1","0",1,90,172,30,8
"30",8,6,1,179,51,18,38,"205,917",92,"0",1,0,"1","0",0,89,170,31,2
"31",8,2,1,179,51,18,38,"205,917",92,"0",1,0,"1","0",0,89,170,31,8
"32",8,5,1,235,29,12,48,"205,917",92,"0",1,1,"0","1",5,88,163,33,8
"33",8,5,1,235,11,14,37,"205,917",92,"0",3,1,"0","0",1,88,172,29,4
"34",8,2,1,235,29,12,48,"205,917",92,"0",1,1,"0","1",5,88,163,33,8
"35",8,2,1,179,51,18,38,"205,917",92,"0",1,0,"1","0",0,89,170,31,2
"36",8,2,1,361,52,3,28,"205,917",92,"0",1,1,"1","0",4,80,172,27,1
"37",8,3,1,289,36,13,33,"205,917",92,"0",1,2,"1","0",1,90,172,30,8
"38",8,5,1,291,50,12,32,"205,917",92,"0",1,0,"1","0",0,65,169,23,4
"39",8,6,1,235,29,12,48,"205,917",92,"0",1,1,"0","1",5,88,163,33,8
"40",8,6,1,260,50,11,36,"205,917",92,"0",1,4,"1","0",0,65,168,23,4
"41",9,3,1,184,42,7,27,"241,476",92,"0",1,0,"0","0",0,58,167,21,2
"42",9,2,1,118,10,10,37,"241,476",92,"0",1,0,"0","0",0,83,172,28,4
"43",9,3,1,179,51,18,38,"241,476",92,"0",1,0,"1","0",0,89,170,31,4
"44",9,3,1,235,20,13,43,"241,476",92,"0",1,1,"1","0",0,106,167,38,8
"45",9,4,1,155,12,14,34,"241,476",92,"0",1,2,"1","0",0,95,196,25,2
"46",9,2,1,118,10,10,37,"241,476",92,"0",1,0,"0","0",0,83,172,28,3
"47",9,3,1,179,51,18,38,"241,476",92,"0",1,0,"1","0",0,89,170,31,3
"48",9,5,1,291,31,12,40,"241,476",92,"0",1,1,"1","0",1,73,171,25,4
"49",9,6,1,260,50,11,36,"241,476",92,"0",1,4,"1","0",0,65,168,23,8
"50",9,2,4,291,31,12,40,"241,476",92,"0",1,1,"1","0",1,73,171,25,32
"51",9,2,4,260,50,11,36,"241,476",92,"1",1,4,"1","0",0,65,168,23,0
"52",9,2,4,225,26,9,28,"241,476",92,"1",1,1,"0","0",2,69,169,24,0
"53",9,3,4,225,26,9,28,"241,476",92,"0",1,1,"0","0",2,69,169,24,2
"54",9,3,4,118,10,10,37,"241,476",92,"0",1,0,"0","0",0,83,172,28,2
"55",9,3,4,289,36,13,33,"241,476",92,"1",1,2,"1","0",1,90,172,30,0
"56",9,3,4,118,13,18,50,"241,476",92,"1",1,1,"1","0",0,98,178,31,0
"57",9,4,4,225,26,9,28,"241,476",92,"0",1,1,"0","0",2,69,169,24,3
"58",9,4,4,179,51,18,38,"241,476",92,"0",1,0,"1","0",0,89,170,31,3
"59",9,4,4,369,17,12,31,"241,476",92,"1",1,3,"1","0",0,70,169,25,0
"60",9,6,4,248,25,14,47,"241,476",92,"0",1,2,"0","0",1,86,165,32,1
"61",9,6,4,179,51,18,38,"241,476",92,"0",1,0,"1","0",0,89,170,31,3
"62",9,6,4,260,50,11,36,"241,476",92,"0",1,4,"1","0",0,65,168,23,4
"63",10,3,4,179,51,18,38,"253,465",93,"0",1,0,"1","0",0,89,170,31,3
"64",10,3,4,118,10,10,37,"253,465",93,"0",1,0,"0","0",0,83,172,28,3
"65",10,4,4,118,13,18,50,"253,465",93,"1",1,1,"1","0",0,98,178,31,0
"66",10,5,4,179,26,9,30,"253,465",93,"0",3,0,"0","0",0,56,171,19,1
"67",10,6,4,179,51,18,38,"253,465",93,"0",1,0,"1","0",0,89,170,31,3
"68",10,6,4,225,26,9,28,"253,465",93,"0",1,1,"0","0",2,69,169,24,3
"69",10,3,4,118,10,10,37,"253,465",93,"0",1,0,"0","0",0,83,172,28,3
"70",10,4,4,225,26,9,28,"253,465",93,"0",1,1,"0","0",2,69,169,24,2
"71",10,4,4,248,25,14,47,"253,465",93,"0",1,2,"0","0",1,86,165,32,2
"72",10,5,4,291,31,12,40,"253,465",93,"0",1,1,"1","0",1,73,171,25,5
"73",10,4,4,179,51,18,38,"253,465",93,"0",1,0,"1","0",0,89,170,31,8
"74",10,4,4,225,26,9,28,"253,465",93,"0",1,1,"0","0",2,69,169,24,3
"75",10,5,4,260,50,11,36,"253,465",93,"0",1,4,"1","0",0,65,168,23,16
"76",10,3,4,291,31,12,40,"253,465",93,"0",1,1,"1","0",1,73,171,25,8
"77",10,3,4,225,26,9,28,"253,465",93,"0",1,1,"0","0",2,69,169,24,2
"78",10,4,4,289,36,13,33,"253,465",93,"0",1,2,"1","0",1,90,172,30,8
"79",10,6,4,361,52,3,28,"253,465",93,"0",1,1,"1","0",4,80,172,27,1
"80",10,6,4,260,50,11,36,"253,465",93,"0",1,4,"1","0",0,65,168,23,3
"81",11,5,4,179,51,18,38,"306,345",93,"0",1,0,"1","0",0,89,170,31,1
"82",11,4,4,225,26,9,28,"306,345",93,"0",1,1,"0","0",2,69,169,24,1
"83",11,5,4,179,51,18,38,"306,345",93,"0",1,0,"1","0",0,89,170,31,8
"84",11,5,4,179,22,17,40,"306,345",93,"0",2,2,"0","1",0,63,170,22,8
"85",11,5,4,291,31,12,40,"306,345",93,"0",1,1,"1","0",1,73,171,25,5
"86",11,2,4,155,12,14,34,"306,345",93,"0",1,2,"1","0",0,95,196,25,32
"87",11,2,4,189,29,13,33,"306,345",93,"0",1,2,"0","0",2,69,167,25,8
"88",11,2,4,291,31,12,40,"306,345",93,"0",1,1,"1","0",1,73,171,25,40
"89",11,4,4,225,26,9,28,"306,345",93,"0",1,1,"0","0",2,69,169,24,1
"90",11,6,4,155,12,14,34,"306,345",93,"0",1,2,"1","0",0,95,196,25,8
"91",11,4,4,225,26,9,28,"306,345",93,"0",1,1,"0","0",2,69,169,24,3
"92",11,4,4,179,22,17,40,"306,345",93,"0",2,2,"0","1",0,63,170,22,8
"93",11,6,4,225,26,9,28,"306,345",93,"0",1,1,"0","0",2,69,169,24,3
"94",11,6,4,260,50,11,36,"306,345",93,"0",1,4,"1","0",0,65,168,23,4
"95",11,2,4,248,25,14,47,"306,345",93,"0",1,2,"0","0",1,86,165,32,1
"96",11,3,4,225,26,9,28,"306,345",93,"0",1,1,"0","0",2,69,169,24,3
"97",11,4,4,289,36,13,33,"306,345",93,"0",1,2,"1","0",1,90,172,30,24
"98",11,5,4,291,31,12,40,"306,345",93,"0",1,1,"1","0",1,73,171,25,3
"99",12,3,4,248,25,14,47,"261,306",97,"0",1,2,"0","0",1,86,165,32,1
"100",12,3,4,118,10,10,37,"261,306",97,"0",1,0,"0","0",0,83,172,28,64
"101",12,4,4,118,13,18,50,"261,306",97,"0",1,1,"1","0",0,98,178,31,2
"102",12,4,4,235,11,14,37,"261,306",97,"0",3,1,"0","0",1,88,172,29,8
"103",12,5,4,225,26,9,28,"261,306",97,"0",1,1,"0","0",2,69,169,24,2
"104",12,6,4,260,50,11,36,"261,306",97,"0",1,4,"1","0",0,65,168,23,8
"105",12,3,4,118,10,10,37,"261,306",97,"0",1,0,"0","0",0,83,172,28,56
"106",12,4,4,361,52,3,28,"261,306",97,"0",1,1,"1","0",4,80,172,27,8
"107",12,5,4,225,26,9,28,"261,306",97,"0",1,1,"0","0",2,69,169,24,3
"108",12,6,4,260,50,11,36,"261,306",97,"0",1,4,"1","0",0,65,168,23,3
"109",12,3,4,225,26,9,28,"261,306",97,"0",1,1,"0","0",2,69,169,24,2
"110",12,4,4,361,52,3,28,"261,306",97,"0",1,1,"1","0",4,80,172,27,8
"111",12,6,4,118,10,10,37,"261,306",97,"0",1,0,"0","0",0,83,172,28,2
"112",12,6,2,246,25,16,41,"261,306",97,"0",1,0,"1","0",0,67,170,23,8
"113",12,6,2,225,26,9,28,"261,306",97,"0",1,1,"0","0",2,69,169,24,2
"114",1,4,2,225,26,9,28,"308,593",95,"0",1,1,"0","0",2,69,169,24,1
"115",1,2,2,118,10,10,37,"308,593",95,"0",1,0,"0","0",0,83,172,28,1
"116",1,3,2,118,10,10,37,"308,593",95,"0",1,0,"0","0",0,83,172,28,1
"117",1,3,2,155,12,14,34,"308,593",95,"0",1,2,"1","0",0,95,196,25,8
"118",1,4,2,225,26,9,28,"308,593",95,"0",1,1,"0","0",2,69,169,24,2
"119",1,5,2,184,42,7,27,"308,593",95,"0",1,0,"0","0",0,58,167,21,2
"120",1,5,2,225,26,9,28,"308,593",95,"0",1,1,"0","0",2,69,169,24,2
"121",1,6,2,225,26,9,28,"308,593",95,"0",1,1,"0","0",2,69,169,24,1
"122",1,2,2,118,10,10,37,"308,593",95,"0",1,0,"0","0",0,83,172,28,2
"123",1,3,2,225,26,9,28,"308,593",95,"0",1,1,"0","0",2,69,169,24,2
"124",1,3,2,118,10,10,37,"308,593",95,"0",1,0,"0","0",0,83,172,28,2
"125",1,4,2,118,10,10,37,"308,593",95,"0",1,0,"0","0",0,83,172,28,2
"126",1,5,2,118,10,10,37,"308,593",95,"0",1,0,"0","0",0,83,172,28,2
"127",1,6,2,118,10,10,37,"308,593",95,"0",1,0,"0","0",0,83,172,28,2
"128",1,2,2,118,10,10,37,"308,593",95,"0",1,0,"0","0",0,83,172,28,2
"129",1,3,2,118,10,10,37,"308,593",95,"0",1,0,"0","0",0,83,172,28,2
"130",1,3,2,179,26,9,30,"308,593",95,"0",3,0,"0","0",0,56,171,19,8
"131",1,3,2,289,36,13,33,"308,593",95,"0",1,2,"1","0",1,90,172,30,8
"132",1,4,2,118,10,10,37,"308,593",95,"0",1,0,"0","0",0,83,172,28,2
"133",1,5,2,184,42,7,27,"308,593",95,"0",1,0,"0","0",0,58,167,21,2
"134",1,5,2,118,10,10,37,"308,593",95,"0",1,0,"0","0",0,83,172,28,2
"135",1,2,2,118,10,10,37,"308,593",95,"0",1,0,"0","0",0,83,172,28,0
"136",1,3,2,225,26,9,28,"308,593",95,"0",1,1,"0","0",2,69,169,24,1
"137",1,5,2,289,36,13,33,"308,593",95,"0",1,2,"1","0",1,90,172,30,3
"138",2,6,2,184,42,7,27,"302,585",99,"0",1,0,"0","0",0,58,167,21,1
"139",2,4,2,246,25,16,41,"302,585",99,"0",1,0,"1","0",0,67,170,23,8
"140",2,4,2,179,51,18,38,"302,585",99,"0",1,0,"1","0",0,89,170,31,8
"141",2,5,2,155,12,14,34,"302,585",99,"0",1,2,"1","0",0,95,196,25,2
"142",2,5,2,189,29,13,33,"302,585",99,"0",1,2,"0","0",2,69,167,25,8
"143",2,6,2,260,50,11,36,"302,585",99,"0",1,4,"1","0",0,65,168,23,2
"144",2,6,2,289,36,13,33,"302,585",99,"0",1,2,"1","0",1,90,172,30,8
"145",2,2,2,388,15,9,50,"302,585",99,"0",1,0,"0","0",0,76,178,24,8
"146",2,3,2,388,15,9,50,"302,585",99,"0",1,0,"0","0",0,76,178,24,8
"147",2,2,2,225,26,9,28,"302,585",99,"0",1,1,"0","0",2,69,169,24,2
"148",2,3,2,225,26,9,28,"302,585",99,"0",1,1,"0","0",2,69,169,24,2
"149",2,3,2,179,26,9,30,"302,585",99,"0",3,0,"0","0",0,56,171,19,1
"150",2,3,2,184,42,7,27,"302,585",99,"0",1,0,"0","0",0,58,167,21,8
"151",2,5,2,225,26,9,28,"302,585",99,"0",1,1,"0","0",2,69,169,24,3
"152",2,2,2,330,16,4,28,"302,585",99,"0",2,0,"0","0",0,84,182,25,8
"153",2,3,2,330,16,4,28,"302,585",99,"0",2,0,"0","0",0,84,182,25,1
"154",2,4,2,225,26,9,28,"302,585",99,"0",1,1,"0","0",2,69,169,24,1
"155",2,5,2,189,29,13,33,"302,585",99,"0",1,2,"0","0",2,69,167,25,8
"156",3,3,2,291,50,12,32,"343,253",95,"0",1,0,"1","0",0,65,169,23,2
"157",3,3,2,260,50,11,36,"343,253",95,"0",1,4,"1","0",0,65,168,23,8
"158",3,3,2,157,27,6,29,"343,253",95,"0",1,0,"1","1",0,75,185,22,3
"159",3,3,2,179,22,17,40,"343,253",95,"0",2,2,"0","1",0,63,170,22,8
"160",3,4,2,291,31,12,40,"343,253",95,"0",1,1,"1","0",1,73,171,25,8
"161",3,4,2,260,50,11,36,"343,253",95,"0",1,4,"1","0",0,65,168,23,8
"162",3,5,2,179,26,9,30,"343,253",95,"0",3,0,"0","0",0,56,171,19,8
"163",3,6,2,248,25,14,47,"343,253",95,"0",1,2,"0","0",1,86,165,32,3
"164",3,6,2,260,50,11,36,"343,253",95,"0",1,4,"1","0",0,65,168,23,40
"165",3,2,2,179,22,17,40,"343,253",95,"0",2,2,"0","1",0,63,170,22,40
"166",3,2,2,155,12,14,34,"343,253",95,"0",1,2,"1","0",0,95,196,25,16
"167",3,2,2,260,50,11,36,"343,253",95,"0",1,4,"1","0",0,65,168,23,16
"168",3,3,2,155,12,14,34,"343,253",95,"0",1,2,"1","0",0,95,196,25,8
"169",3,5,2,289,36,13,33,"343,253",95,"0",1,2,"1","0",1,90,172,30,8
"170",3,5,2,179,22,17,40,"343,253",95,"0",2,2,"0","1",0,63,170,22,8
"171",3,6,2,260,50,11,36,"343,253",95,"0",1,4,"1","0",0,65,168,23,4
"172",3,6,2,225,26,9,28,"343,253",95,"0",1,1,"0","0",2,69,169,24,1
"173",3,2,2,279,5,14,39,"343,253",95,"0",1,2,"1","1",0,68,168,24,8
"174",3,3,2,179,51,18,38,"343,253",95,"0",1,0,"1","0",0,89,170,31,24
"175",3,4,2,225,26,9,28,"343,253",95,"0",1,1,"0","0",2,69,169,24,2
"176",3,2,3,225,26,9,28,"343,253",95,"0",1,1,"0","0",2,69,169,24,8
"177",3,2,3,179,26,9,30,"343,253",95,"0",3,0,"0","0",0,56,171,19,1
"178",3,3,3,225,26,9,28,"343,253",95,"0",1,1,"0","0",2,69,169,24,8
"179",3,4,3,225,26,9,28,"343,253",95,"0",1,1,"0","0",2,69,169,24,16
"180",3,4,3,179,51,18,38,"343,253",95,"0",1,0,"1","0",0,89,170,31,3
"181",3,5,3,279,5,14,39,"343,253",95,"0",1,2,"1","1",0,68,168,24,16
"182",3,6,3,225,26,9,28,"343,253",95,"0",1,1,"0","0",2,69,169,24,2
"183",3,6,3,248,25,14,47,"343,253",95,"0",1,2,"0","0",1,86,165,32,3
"184",3,2,3,225,26,9,28,"343,253",95,"0",1,1,"0","0",2,69,169,24,1
"185",4,4,3,291,31,12,40,"326,452",96,"0",1,1,"1","0",1,73,171,25,1
"186",4,4,3,225,26,9,28,"326,452",96,"0",1,1,"0","0",2,69,169,24,1
"187",4,3,3,155,12,14,34,"326,452",96,"0",1,2,"1","0",0,95,196,25,1
"188",4,4,3,246,25,16,41,"326,452",96,"0",1,0,"1","0",0,67,170,23,24
"189",4,5,3,155,12,14,34,"326,452",96,"0",1,2,"1","0",0,95,196,25,1
"190",4,6,3,225,26,9,28,"326,452",96,"0",1,1,"0","0",2,69,169,24,2
"191",4,6,3,260,50,11,36,"326,452",96,"0",1,4,"1","0",0,65,168,23,4
"192",4,4,3,179,51,18,38,"326,452",96,"0",1,0,"1","0",0,89,170,31,24
"193",4,5,3,118,13,18,50,"326,452",96,"0",1,1,"1","0",0,98,178,31,1
"194",4,6,3,291,31,12,40,"326,452",96,"0",1,1,"1","0",1,73,171,25,3
"195",4,6,3,246,25,16,41,"326,452",96,"0",1,0,"1","0",0,67,170,23,8
"196",4,6,3,291,31,12,40,"326,452",96,"0",1,1,"1","0",1,73,171,25,1
"197",4,6,3,248,25,14,47,"326,452",96,"0",1,2,"0","0",1,86,165,32,8
"198",4,6,3,260,50,11,36,"326,452",96,"0",1,4,"1","0",0,65,168,23,56
"199",4,3,3,289,36,13,33,"326,452",96,"0",1,2,"1","0",1,90,172,30,8
"200",4,4,3,155,12,14,34,"326,452",96,"0",1,2,"1","0",0,95,196,25,24
"201",4,4,3,378,49,11,36,"326,452",96,"0",1,2,"0","1",4,65,174,21,8
"202",4,5,3,289,36,13,33,"326,452",96,"0",1,2,"1","0",1,90,172,30,16
"203",4,6,3,235,11,14,37,"326,452",96,"0",3,1,"0","0",1,88,172,29,3
"204",4,2,3,235,29,12,48,"326,452",96,"1",1,1,"0","1",5,88,163,33,0
"205",5,4,3,289,36,13,33,"378,884",92,"0",1,2,"1","0",1,90,172,30,8
"206",5,5,3,155,12,14,34,"378,884",92,"0",1,2,"1","0",0,95,196,25,2
"207",5,2,3,155,12,14,34,"378,884",92,"0",1,2,"1","0",0,95,196,25,1
"208",5,3,3,179,51,18,38,"378,884",92,"0",1,0,"1","0",0,89,170,31,8
"209",5,3,3,225,26,9,28,"378,884",92,"0",1,1,"0","0",2,69,169,24,8
"210",5,4,3,184,42,7,27,"378,884",92,"0",1,0,"0","0",0,58,167,21,4
"211",5,2,3,155,12,14,34,"378,884",92,"0",1,2,"1","0",0,95,196,25,2
"212",5,3,3,179,51,18,38,"378,884",92,"0",1,0,"1","0",0,89,170,31,1
"213",5,4,3,289,36,13,33,"378,884",92,"0",1,2,"1","0",1,90,172,30,24
"214",5,4,3,279,5,14,39,"378,884",92,"1",1,2,"1","1",0,68,168,24,0
"215",5,4,3,330,16,4,28,"378,884",92,"1",2,0,"0","0",0,84,182,25,0
"216",5,4,3,378,49,11,36,"378,884",92,"1",1,2,"0","1",4,65,174,21,0
"217",5,4,3,388,15,9,50,"378,884",92,"1",1,0,"0","0",0,76,178,24,0
"218",5,3,3,179,51,18,38,"378,884",92,"0",1,0,"1","0",0,89,170,31,1
"219",5,4,3,118,13,18,50,"378,884",92,"0",1,1,"1","0",0,98,178,31,24
"220",5,6,3,361,52,3,28,"378,884",92,"0",1,1,"1","0",4,80,172,27,8
"221",6,2,3,246,25,16,41,"377,550",94,"0",1,0,"1","0",0,67,170,23,8
"222",6,2,3,361,52,3,28,"377,550",94,"0",1,1,"1","0",4,80,172,27,8
"223",6,3,3,246,25,16,41,"377,550",94,"0",1,0,"1","0",0,67,170,23,24
"224",6,5,3,291,31,12,40,"377,550",94,"0",1,1,"1","0",1,73,171,25,4
"225",6,6,3,246,25,16,41,"377,550",94,"0",1,0,"1","0",0,67,170,23,8
"226",6,2,3,179,51,18,38,"377,550",94,"0",1,0,"1","0",0,89,170,31,8
"227",6,2,3,155,12,14,34,"377,550",94,"0",1,2,"1","0",0,95,196,25,4
"228",6,2,3,246,25,16,41,"377,550",94,"0",1,0,"1","0",0,67,170,23,8
"229",6,4,3,118,13,18,50,"377,550",94,"0",1,1,"1","0",0,98,178,31,8
"230",6,6,3,235,11,14,37,"377,550",94,"0",3,1,"0","0",1,88,172,29,16
"231",6,3,3,118,13,18,50,"377,550",94,"0",1,1,"1","0",0,98,178,31,1
"232",6,4,3,118,13,18,50,"377,550",94,"0",1,1,"1","0",0,98,178,31,80
"233",6,5,3,378,49,11,36,"377,550",94,"0",1,2,"0","1",4,65,174,21,8
"234",6,6,3,179,51,18,38,"377,550",94,"0",1,0,"1","0",0,89,170,31,2
"235",6,2,1,289,48,29,49,"377,550",94,"0",1,0,"0","0",2,108,172,36,2
"236",6,5,1,225,26,9,28,"377,550",94,"0",1,1,"0","0",2,69,169,24,2
"237",7,3,1,155,12,14,34,"275,312",98,"0",1,2,"1","0",0,95,196,25,16
"238",7,4,1,118,13,18,50,"275,312",98,"0",1,1,"1","0",0,98,178,31,8
"239",7,6,1,118,10,10,37,"275,312",98,"0",1,0,"0","0",0,83,172,28,8
"240",7,6,1,118,10,10,37,"275,312",98,"0",1,0,"0","0",0,83,172,28,4
"241",7,3,1,330,16,4,28,"275,312",98,"0",2,0,"0","0",0,84,182,25,8
"242",7,5,1,179,26,9,30,"275,312",98,"0",3,0,"0","0",0,56,171,19,8
"243",7,6,1,155,12,14,34,"275,312",98,"0",1,2,"1","0",0,95,196,25,2
"244",7,2,1,330,16,4,28,"275,312",98,"0",2,0,"0","0",0,84,182,25,8
"245",7,3,1,330,16,4,28,"275,312",98,"0",2,0,"0","0",0,84,182,25,8
"246",7,2,1,157,27,6,29,"275,312",98,"0",1,0,"1","1",0,75,185,22,3
"247",7,3,1,361,52,3,28,"275,312",98,"0",1,1,"1","0",4,80,172,27,8
"248",7,4,1,289,36,13,33,"275,312",98,"0",1,2,"1","0",1,90,172,30,8
"249",7,5,1,179,51,18,38,"275,312",98,"0",1,0,"1","0",0,89,170,31,8
"250",7,2,1,289,36,13,33,"275,312",98,"0",1,2,"1","0",1,90,172,30,32
"251",7,5,1,289,36,13,33,"275,312",98,"0",1,2,"1","0",1,90,172,30,8
"252",7,5,1,260,50,11,36,"275,312",98,"1",1,4,"1","0",0,65,168,23,0
"253",8,6,1,289,36,13,33,"265,615",94,"0",1,2,"1","0",1,90,172,30,8
"254",8,6,1,157,27,6,29,"265,615",94,"0",1,0,"1","1",0,75,185,22,3
"255",8,2,1,289,36,13,33,"265,615",94,"0",1,2,"1","0",1,90,172,30,1
"256",8,3,1,228,14,16,58,"265,615",94,"0",1,2,"0","0",1,65,172,22,8
"257",8,5,1,300,26,13,43,"265,615",94,"0",1,2,"1","1",1,77,175,25,1
"258",8,5,1,300,26,13,43,"265,615",94,"0",1,2,"1","1",1,77,175,25,2
"259",8,6,1,260,50,11,36,"265,615",94,"0",1,4,"1","0",0,65,168,23,4
"260",8,3,1,289,36,13,33,"265,615",94,"0",1,2,"1","0",1,90,172,30,4
"261",8,4,1,248,25,14,47,"265,615",94,"0",1,2,"0","0",1,86,165,32,1
"262",8,5,1,268,11,8,33,"265,615",94,"0",2,0,"0","0",0,79,178,25,8
"263",8,5,1,179,26,9,30,"265,615",94,"0",3,0,"0","0",0,56,171,19,1
"264",8,5,1,118,13,18,50,"265,615",94,"0",1,1,"1","0",0,98,178,31,3
"265",8,2,1,248,25,14,47,"265,615",94,"0",1,2,"0","0",1,86,165,32,2
"266",8,3,1,235,11,14,37,"265,615",94,"0",3,1,"0","0",1,88,172,29,1
"267",8,5,1,118,13,18,50,"265,615",94,"0",1,1,"1","0",0,98,178,31,1
"268",8,5,1,235,11,14,37,"265,615",94,"0",3,1,"0","0",1,88,172,29,8
"269",8,3,1,361,52,3,28,"265,615",94,"0",1,1,"1","0",4,80,172,27,8
"270",8,4,1,184,42,7,27,"265,615",94,"0",1,0,"0","0",0,58,167,21,8
"271",9,2,1,179,51,18,38,"294,217",81,"0",1,0,"1","0",0,89,170,31,8
"272",9,6,1,179,51,18,38,"294,217",81,"0",1,0,"1","0",0,89,170,31,3
"273",9,4,1,289,36,13,33,"294,217",81,"0",1,2,"1","0",1,90,172,30,24
"274",9,5,1,235,20,13,43,"294,217",81,"1",1,1,"1","0",0,106,167,38,0
"275",9,2,1,246,25,16,41,"294,217",81,"0",1,0,"1","0",0,67,170,23,16
"276",9,3,1,291,31,12,40,"294,217",81,"0",1,1,"1","0",1,73,171,25,3
"277",9,3,1,231,35,14,39,"294,217",81,"1",1,2,"1","0",2,100,170,35,0
"278",9,3,1,291,50,12,32,"294,217",81,"1",1,0,"1","0",0,65,169,23,0
"279",9,4,1,179,51,18,38,"294,217",81,"0",1,0,"1","0",0,89,170,31,8
"280",9,4,1,246,25,16,41,"294,217",81,"0",1,0,"1","0",0,67,170,23,32
"281",9,5,1,179,51,18,38,"294,217",81,"0",1,0,"1","0",0,89,170,31,1
"282",9,6,1,291,31,12,40,"294,217",81,"0",1,1,"1","0",1,73,171,25,4
"283",9,6,1,260,50,11,36,"294,217",81,"0",1,4,"1","0",0,65,168,23,4
"284",9,4,4,235,20,13,43,"294,217",81,"0",1,1,"1","0",0,106,167,38,8
"285",9,5,4,118,13,18,50,"294,217",81,"0",1,1,"1","0",0,98,178,31,1
"286",9,5,4,235,20,13,43,"294,217",81,"1",1,1,"1","0",0,106,167,38,0
"287",9,6,4,291,31,12,40,"294,217",81,"0",1,1,"1","0",1,73,171,25,3
"288",9,2,4,291,31,12,40,"294,217",81,"0",1,1,"1","0",1,73,171,25,40
"289",9,2,4,179,51,18,38,"294,217",81,"0",1,0,"1","0",0,89,170,31,8
"290",10,2,4,289,36,13,33,"265,017",88,"0",1,2,"1","0",1,90,172,30,8
"291",10,2,4,235,11,14,37,"265,017",88,"0",3,1,"0","0",1,88,172,29,4
"292",10,2,4,289,36,13,33,"265,017",88,"0",1,2,"1","0",1,90,172,30,8
"293",10,6,4,289,36,13,33,"265,017",88,"0",1,2,"1","0",1,90,172,30,8
"294",10,6,4,118,13,18,50,"265,017",88,"1",1,1,"1","0",0,98,178,31,0
"295",10,6,4,248,25,14,47,"265,017",88,"1",1,2,"0","0",1,86,165,32,0
"296",10,2,4,179,26,9,30,"265,017",88,"0",3,0,"0","0",0,56,171,19,8
"297",10,2,4,118,10,10,37,"265,017",88,"0",1,0,"0","0",0,83,172,28,3
"298",10,2,4,369,17,12,31,"265,017",88,"0",1,3,"1","0",0,70,169,25,8
"299",10,4,4,179,51,18,38,"265,017",88,"0",1,0,"1","0",0,89,170,31,1
"300",10,4,4,179,26,9,30,"265,017",88,"0",3,0,"0","0",0,56,171,19,64
"301",10,4,4,235,20,13,43,"265,017",88,"1",1,1,"1","0",0,106,167,38,0
"302",10,5,4,289,36,13,33,"265,017",88,"0",1,2,"1","0",1,90,172,30,16
"303",10,6,4,260,50,11,36,"265,017",88,"0",1,4,"1","0",0,65,168,23,3
"304",10,6,4,235,20,13,43,"265,017",88,"1",1,1,"1","0",0,106,167,38,0
"305",10,2,4,235,20,13,43,"265,017",88,"0",1,1,"1","0",0,106,167,38,2
"306",10,2,4,235,20,13,43,"265,017",88,"0",1,1,"1","0",0,106,167,38,2
"307",10,3,4,118,13,18,50,"265,017",88,"0",1,1,"1","0",0,98,178,31,1
"308",10,3,4,291,31,12,40,"265,017",88,"0",1,1,"1","0",1,73,171,25,4
"309",10,5,4,179,26,9,30,"265,017",88,"0",3,0,"0","0",0,56,171,19,16
"310",10,5,4,118,13,18,50,"265,017",88,"0",1,1,"1","0",0,98,178,31,1
"311",10,2,4,361,52,3,28,"265,017",88,"0",1,1,"1","0",4,80,172,27,8
"312",10,3,4,260,50,11,36,"265,017",88,"1",1,4,"1","0",0,65,168,23,0
"313",10,3,4,291,31,12,40,"265,017",88,"1",1,1,"1","0",1,73,171,25,0
"314",10,3,4,157,27,6,29,"265,017",88,"1",1,0,"1","1",0,75,185,22,0
"315",10,4,4,179,26,9,30,"265,017",88,"0",3,0,"0","0",0,56,171,19,5
"316",10,4,4,179,26,9,30,"265,017",88,"0",3,0,"0","0",0,56,171,19,5
"317",10,5,4,118,13,18,50,"265,017",88,"0",1,1,"1","0",0,98,178,31,1
"318",11,2,4,118,10,10,37,"284,031",97,"0",1,0,"0","0",0,83,172,28,8
"319",11,2,4,248,25,14,47,"284,031",97,"0",1,2,"0","0",1,86,165,32,2
"320",11,3,4,179,51,18,38,"284,031",97,"0",1,0,"1","0",0,89,170,31,8
"321",11,6,4,260,50,11,36,"284,031",97,"0",1,4,"1","0",0,65,168,23,3
"322",11,2,4,291,31,12,40,"284,031",97,"0",1,1,"1","0",1,73,171,25,1
"323",11,2,4,378,49,11,36,"284,031",97,"0",1,2,"0","1",4,65,174,21,8
"324",11,2,4,155,12,14,34,"284,031",97,"0",1,2,"1","0",0,95,196,25,120
"325",11,2,4,235,20,13,43,"284,031",97,"0",1,1,"1","0",0,106,167,38,8
"326",11,3,4,330,16,4,28,"284,031",97,"1",2,0,"0","0",0,84,182,25,0
"327",11,4,4,235,11,14,37,"284,031",97,"0",3,1,"0","0",1,88,172,29,1
"328",11,4,4,118,10,10,37,"284,031",97,"0",1,0,"0","0",0,83,172,28,3
"329",11,5,4,235,11,14,37,"284,031",97,"0",3,1,"0","0",1,88,172,29,2
"330",11,5,4,179,51,18,38,"284,031",97,"0",1,0,"1","0",0,89,170,31,3
"331",11,6,4,246,25,16,41,"284,031",97,"0",1,0,"1","0",0,67,170,23,8
"332",11,6,4,291,31,12,40,"284,031",97,"0",1,1,"1","0",1,73,171,25,4
"333",11,2,4,246,25,16,41,"284,031",97,"0",1,0,"1","0",0,67,170,23,8
"334",11,3,4,179,51,18,38,"284,031",97,"0",1,0,"1","0",0,89,170,31,1
"335",11,4,4,260,50,11,36,"284,031",97,"0",1,4,"1","0",0,65,168,23,8
"336",11,6,4,260,50,11,36,"284,031",97,"0",1,4,"1","0",0,65,168,23,8
"337",11,6,4,378,49,11,36,"284,031",97,"1",1,2,"0","1",4,65,174,21,0
"338",11,3,4,279,5,14,39,"284,031",97,"1",1,2,"1","1",0,68,168,24,0
"339",11,5,4,179,51,18,38,"284,031",97,"0",1,0,"1","0",0,89,170,31,1
"340",12,2,4,225,26,9,28,"236,629",93,"0",1,1,"0","0",2,69,169,24,3
"341",12,2,4,179,51,18,38,"236,629",93,"0",1,0,"1","0",0,89,170,31,2
"342",12,2,4,179,51,18,38,"236,629",93,"0",1,0,"1","0",0,89,170,31,1
"343",12,2,4,235,11,14,37,"236,629",93,"0",3,1,"0","0",1,88,172,29,3
"344",12,3,4,118,13,18,50,"236,629",93,"0",1,1,"1","0",0,98,178,31,1
"345",12,6,4,260,50,11,36,"236,629",93,"0",1,4,"1","0",0,65,168,23,4
"346",12,5,4,246,25,16,41,"236,629",93,"0",1,0,"1","0",0,67,170,23,8
"347",12,5,4,179,51,18,38,"236,629",93,"0",1,0,"1","0",0,89,170,31,1
"348",12,6,4,179,51,18,38,"236,629",93,"0",1,0,"1","0",0,89,170,31,1
"349",12,3,4,179,26,9,30,"236,629",93,"0",3,0,"0","0",0,56,171,19,1
"350",12,3,4,118,10,10,37,"236,629",93,"0",1,0,"0","0",0,83,172,28,8
"351",12,5,4,235,11,14,37,"236,629",93,"0",3,1,"0","0",1,88,172,29,2
"352",12,6,4,179,51,18,38,"236,629",93,"0",1,0,"1","0",0,89,170,31,1
"353",12,3,2,235,20,13,43,"236,629",93,"0",1,1,"1","0",0,106,167,38,8
"354",12,3,2,235,11,14,37,"236,629",93,"0",3,1,"0","0",1,88,172,29,4
"355",12,4,2,260,50,11,36,"236,629",93,"0",1,4,"1","0",0,65,168,23,8
"356",12,2,2,157,27,6,29,"236,629",93,"0",1,0,"1","1",0,75,185,22,2
"357",12,2,2,179,51,18,38,"236,629",93,"0",1,0,"1","0",0,89,170,31,3
"358",12,2,2,289,36,13,33,"236,629",93,"0",1,2,"1","0",1,90,172,30,8
"359",1,4,2,225,26,9,28,"330,061",100,"0",1,1,"0","0",2,69,169,24,5
"360",1,2,2,118,10,10,37,"330,061",100,"0",1,0,"0","0",0,83,172,28,32
"361",1,2,2,155,12,14,34,"330,061",100,"0",1,2,"1","0",0,95,196,25,2
"362",1,3,2,235,11,14,37,"330,061",100,"0",3,1,"0","0",1,88,172,29,1
"363",1,3,2,155,12,14,34,"330,061",100,"0",1,2,"1","0",0,95,196,25,4
"364",1,2,2,289,36,13,33,"330,061",100,"0",1,2,"1","0",1,90,172,30,8
"365",1,4,2,291,31,12,40,"330,061",100,"0",1,1,"1","0",1,73,171,25,8
"366",1,2,2,235,20,13,43,"330,061",100,"0",1,1,"1","0",0,106,167,38,8
"367",1,2,2,118,13,18,50,"330,061",100,"0",1,1,"1","0",0,98,178,31,4
"368",1,4,2,179,51,18,38,"330,061",100,"0",1,0,"1","0",0,89,170,31,1
"369",1,6,2,179,51,18,38,"330,061",100,"0",1,0,"1","0",0,89,170,31,1
"370",2,3,2,118,10,10,37,"251,818",96,"0",1,0,"0","0",0,83,172,28,2
"371",2,4,2,179,51,18,38,"251,818",96,"0",1,0,"1","0",0,89,170,31,3
"372",2,4,2,225,26,9,28,"251,818",96,"0",1,1,"0","0",2,69,169,24,1
"373",2,6,2,289,36,13,33,"251,818",96,"0",1,2,"1","0",1,90,172,30,3
"374",2,6,2,260,50,11,36,"251,818",96,"0",1,4,"1","0",0,65,168,23,3
"375",2,6,2,179,51,18,38,"251,818",96,"0",1,0,"1","0",0,89,170,31,3
"376",2,2,2,179,51,18,38,"251,818",96,"0",1,0,"1","0",0,89,170,31,2
"377",2,4,2,179,51,18,38,"251,818",96,"0",1,0,"1","0",0,89,170,31,3
"378",2,5,2,179,51,18,38,"251,818",96,"0",1,0,"1","0",0,89,170,31,8
"379",2,5,2,246,25,16,41,"251,818",96,"0",1,0,"1","0",0,67,170,23,8
"380",2,6,2,179,51,18,38,"251,818",96,"0",1,0,"1","0",0,89,170,31,3
"381",2,2,2,189,29,13,33,"251,818",96,"0",1,2,"0","0",2,69,167,25,8
"382",2,2,2,179,51,18,38,"251,818",96,"0",1,0,"1","0",0,89,170,31,3
"383",2,3,2,246,25,16,41,"251,818",96,"0",1,0,"1","0",0,67,170,23,2
"384",2,3,2,291,31,12,40,"251,818",96,"0",1,1,"1","0",1,73,171,25,2
"385",2,4,2,157,27,6,29,"251,818",96,"0",1,0,"1","1",0,75,185,22,16
"386",2,4,2,179,51,18,38,"251,818",96,"0",1,0,"1","0",0,89,170,31,3
"387",2,6,2,179,51,18,38,"251,818",96,"0",1,0,"1","0",0,89,170,31,3
"388",2,6,2,246,25,16,41,"251,818",96,"0",1,0,"1","0",0,67,170,23,24
"389",2,4,2,179,51,18,38,"251,818",96,"0",1,0,"1","0",0,89,170,31,3
"390",2,6,2,179,51,18,38,"251,818",96,"0",1,0,"1","0",0,89,170,31,3
"391",3,3,2,118,10,10,37,"244,387",98,"0",1,0,"0","0",0,83,172,28,8
"392",3,4,2,246,25,16,41,"244,387",98,"0",1,0,"1","0",0,67,170,23,16
"393",3,6,2,246,25,16,41,"244,387",98,"0",1,0,"1","0",0,67,170,23,2
"394",3,6,2,260,50,11,36,"244,387",98,"0",1,4,"1","0",0,65,168,23,4
"395",3,2,2,179,51,18,38,"244,387",98,"0",1,0,"1","0",0,89,170,31,2
"396",3,2,2,235,11,14,37,"244,387",98,"0",3,1,"0","0",1,88,172,29,8
"397",3,3,2,179,22,17,40,"244,387",98,"0",2,2,"0","1",0,63,170,22,8
"398",3,3,2,378,49,11,36,"244,387",98,"0",1,2,"0","1",4,65,174,21,8
"399",3,2,2,179,51,18,38,"244,387",98,"0",1,0,"1","0",0,89,170,31,16
"400",3,4,2,361,52,3,28,"244,387",98,"0",1,1,"1","0",4,80,172,27,8
"401",3,4,2,369,17,12,31,"244,387",98,"1",1,3,"1","0",0,70,169,25,0
"402",3,5,2,235,11,14,37,"244,387",98,"0",3,1,"0","0",1,88,172,29,8
"403",3,6,3,118,13,18,50,"244,387",98,"0",1,1,"1","0",0,98,178,31,2
"404",3,3,3,118,13,18,50,"244,387",98,"0",1,1,"1","0",0,98,178,31,3
"405",3,4,3,118,13,18,50,"244,387",98,"0",1,1,"1","0",0,98,178,31,8
"406",3,5,3,235,11,14,37,"244,387",98,"1",3,1,"0","0",1,88,172,29,0
"407",3,5,3,246,25,16,41,"244,387",98,"1",1,0,"1","0",0,67,170,23,0
"408",3,5,3,118,13,18,50,"244,387",98,"1",1,1,"1","0",0,98,178,31,0
"409",3,6,3,179,51,18,38,"244,387",98,"0",1,0,"1","0",0,89,170,31,8
"410",3,6,3,289,36,13,33,"244,387",98,"0",1,2,"1","0",1,90,172,30,8
"411",3,2,3,260,50,11,36,"244,387",98,"0",1,4,"1","0",0,65,168,23,8
"412",3,3,3,246,25,16,41,"244,387",98,"0",1,0,"1","0",0,67,170,23,2
"413",4,4,3,179,51,18,38,"239,409",98,"0",1,0,"1","0",0,89,170,31,4
"414",4,6,3,260,50,11,36,"239,409",98,"0",1,4,"1","0",0,65,168,23,3
"415",4,6,3,330,16,4,28,"239,409",98,"0",2,0,"0","0",0,84,182,25,4
"416",4,2,3,369,17,12,31,"239,409",98,"0",1,3,"1","0",0,70,169,25,4
"417",4,2,3,248,25,14,47,"239,409",98,"0",1,2,"0","0",1,86,165,32,4
"418",4,4,3,330,16,4,28,"239,409",98,"0",2,0,"0","0",0,84,182,25,8
"419",4,4,3,179,51,18,38,"239,409",98,"0",1,0,"1","0",0,89,170,31,8
"420",4,2,3,118,13,18,50,"239,409",98,"0",1,1,"1","0",0,98,178,31,1
"421",4,4,3,118,13,18,50,"239,409",98,"0",1,1,"1","0",0,98,178,31,120
"422",4,6,3,300,26,13,43,"239,409",98,"0",1,2,"1","1",1,77,175,25,8
"423",4,6,3,260,50,11,36,"239,409",98,"0",1,4,"1","0",0,65,168,23,4
"424",4,2,3,179,51,18,38,"239,409",98,"0",1,0,"1","0",0,89,170,31,4
"425",4,4,3,118,10,10,37,"239,409",98,"0",1,0,"0","0",0,83,172,28,2
"426",5,2,3,235,20,13,43,"246,074",99,"0",1,1,"1","0",0,106,167,38,16
"427",5,4,3,248,25,14,47,"246,074",99,"0",1,2,"0","0",1,86,165,32,2
"428",5,2,3,369,17,12,31,"246,074",99,"0",1,3,"1","0",0,70,169,25,8
"429",5,4,3,179,26,9,30,"246,074",99,"0",3,0,"0","0",0,56,171,19,3
"430",5,4,3,179,51,18,38,"246,074",99,"0",1,0,"1","0",0,89,170,31,4
"431",5,5,3,361,52,3,28,"246,074",99,"0",1,1,"1","0",4,80,172,27,1
"432",5,6,3,260,50,11,36,"246,074",99,"0",1,4,"1","0",0,65,168,23,3
"433",5,2,3,179,22,17,40,"246,074",99,"0",2,2,"0","1",0,63,170,22,2
"434",5,2,3,179,22,17,40,"246,074",99,"0",2,2,"0","1",0,63,170,22,3
"435",5,4,3,228,14,16,58,"246,074",99,"0",1,2,"0","0",1,65,172,22,8
"436",5,4,3,225,26,9,28,"246,074",99,"0",1,1,"0","0",2,69,169,24,3
"437",5,6,3,330,16,4,28,"246,074",99,"0",2,0,"0","0",0,84,182,25,8
"438",5,2,3,179,26,9,30,"246,074",99,"0",3,0,"0","0",0,56,171,19,2
"439",5,2,3,118,10,10,37,"246,074",99,"0",1,0,"0","0",0,83,172,28,1
"440",5,2,3,235,11,14,37,"246,074",99,"0",3,1,"0","0",1,88,172,29,8
"441",5,4,3,179,26,9,30,"246,074",99,"0",3,0,"0","0",0,56,171,19,3
"442",6,2,3,118,10,10,37,"253,957",95,"0",1,0,"0","0",0,83,172,28,3
"443",6,2,3,179,51,18,38,"253,957",95,"0",1,0,"1","0",0,89,170,31,3
"444",6,3,3,118,10,10,37,"253,957",95,"0",1,0,"0","0",0,83,172,28,2
"445",6,5,3,225,26,9,28,"253,957",95,"0",1,1,"0","0",2,69,169,24,4
"446",6,6,3,260,50,11,36,"253,957",95,"0",1,4,"1","0",0,65,168,23,4
"447",6,6,3,179,51,18,38,"253,957",95,"1",1,0,"1","0",0,89,170,31,0
"448",6,2,3,291,31,12,40,"253,957",95,"0",1,1,"1","0",1,73,171,25,40
"449",6,2,3,179,51,18,38,"253,957",95,"0",1,0,"1","0",0,89,170,31,24
"450",6,3,3,246,25,16,41,"253,957",95,"0",1,0,"1","0",0,67,170,23,3
"451",6,2,3,179,51,18,38,"253,957",95,"0",1,0,"1","0",0,89,170,31,4
"452",6,3,3,235,20,13,43,"253,957",95,"0",1,1,"1","0",0,106,167,38,8
"453",6,2,1,179,51,18,38,"253,957",95,"0",1,0,"1","0",0,89,170,31,2
"454",6,4,1,225,26,9,28,"253,957",95,"0",1,1,"0","0",2,69,169,24,2
"455",6,4,1,118,13,18,50,"253,957",95,"0",1,1,"1","0",0,98,178,31,2
"456",6,4,1,179,51,18,38,"253,957",95,"0",1,0,"1","0",0,89,170,31,8
"457",6,4,1,179,26,9,30,"253,957",95,"0",3,0,"0","0",0,56,171,19,2
"458",6,6,1,246,25,16,41,"253,957",95,"0",1,0,"1","0",0,67,170,23,2
"459",6,3,1,330,16,4,28,"253,957",95,"0",2,0,"0","0",0,84,182,25,1
"460",6,3,1,235,11,14,37,"253,957",95,"0",3,1,"0","0",1,88,172,29,8
"461",7,5,1,179,26,9,30,"230,290",92,"0",3,0,"0","0",0,56,171,19,2
"462",7,5,1,225,26,9,28,"230,290",92,"0",1,1,"0","0",2,69,169,24,4
"463",7,6,1,260,50,11,36,"230,290",92,"0",1,4,"1","0",0,65,168,23,8
"464",7,2,1,268,11,8,33,"230,290",92,"0",2,0,"0","0",0,79,178,25,8
"465",7,6,1,330,16,4,28,"230,290",92,"0",2,0,"0","0",0,84,182,25,8
"466",7,6,1,118,10,10,37,"230,290",92,"0",1,0,"0","0",0,83,172,28,8
"467",7,2,1,260,50,11,36,"230,290",92,"0",1,4,"1","0",0,65,168,23,4
"468",7,3,1,118,10,10,37,"230,290",92,"0",1,0,"0","0",0,83,172,28,8
"469",7,2,1,300,26,13,43,"230,290",92,"0",1,2,"1","1",1,77,175,25,8
"470",7,2,1,235,29,12,48,"230,290",92,"0",1,1,"0","1",5,88,163,33,1
"471",7,3,1,246,25,16,41,"230,290",92,"0",1,0,"1","0",0,67,170,23,2
"472",7,3,1,225,26,9,28,"230,290",92,"0",1,1,"0","0",2,69,169,24,112
"473",7,3,1,179,51,18,38,"230,290",92,"0",1,0,"1","0",0,89,170,31,1
"474",7,6,1,118,13,18,50,"230,290",92,"0",1,1,"1","0",0,98,178,31,1
"475",7,6,1,361,52,3,28,"230,290",92,"0",1,1,"1","0",4,80,172,27,8
"476",7,2,1,289,36,13,33,"230,290",92,"0",1,2,"1","0",1,90,172,30,8
"477",7,2,1,235,20,13,43,"230,290",92,"0",1,1,"1","0",0,106,167,38,8
"478",7,3,1,246,25,16,41,"230,290",92,"0",1,0,"1","0",0,67,170,23,2
"479",7,5,1,291,31,12,40,"230,290",92,"0",1,1,"1","0",1,73,171,25,1
"480",7,5,1,279,5,14,39,"230,290",92,"0",1,2,"1","1",0,68,168,24,2
"481",8,5,1,179,51,18,38,"249,797",93,"0",1,0,"1","0",0,89,170,31,4
"482",8,2,1,179,22,17,40,"249,797",93,"0",2,2,"0","1",0,63,170,22,1
"483",8,3,1,246,25,16,41,"249,797",93,"0",1,0,"1","0",0,67,170,23,4
"484",8,3,1,118,10,10,37,"249,797",93,"0",1,0,"0","0",0,83,172,28,4
"485",8,3,1,289,36,13,33,"249,797",93,"0",1,2,"1","0",1,90,172,30,8
"486",8,3,1,235,20,13,43,"249,797",93,"0",1,1,"1","0",0,106,167,38,8
"487",8,5,1,291,31,12,40,"249,797",93,"0",1,1,"1","0",1,73,171,25,4
"488",8,2,1,179,51,18,38,"249,797",93,"0",1,0,"1","0",0,89,170,31,4
"489",8,3,1,179,22,17,40,"249,797",93,"0",2,2,"0","1",0,63,170,22,8
"490",8,5,1,330,16,4,28,"249,797",93,"0",2,0,"0","0",0,84,182,25,16
"491",8,3,1,235,11,14,37,"249,797",93,"0",3,1,"0","0",1,88,172,29,4
"492",8,3,1,246,25,16,41,"249,797",93,"0",1,0,"1","0",0,67,170,23,1
"493",8,3,1,118,10,10,37,"249,797",93,"0",1,0,"0","0",0,83,172,28,5
"494",8,5,1,291,31,12,40,"249,797",93,"0",1,1,"1","0",1,73,171,25,2
"495",8,2,1,260,50,11,36,"249,797",93,"0",1,4,"1","0",0,65,168,23,3
"496",9,3,1,246,25,16,41,"261,756",87,"0",1,0,"1","0",0,67,170,23,1
"497",9,3,1,246,25,16,41,"261,756",87,"0",1,0,"1","0",0,67,170,23,1
"498",9,3,1,118,10,10,37,"261,756",87,"0",1,0,"0","0",0,83,172,28,3
"499",9,3,1,155,12,14,34,"261,756",87,"0",1,2,"1","0",0,95,196,25,2
"500",9,5,1,291,31,12,40,"261,756",87,"0",1,1,"1","0",1,73,171,25,2
"501",9,6,1,179,26,9,30,"261,756",87,"0",3,0,"0","0",0,56,171,19,8
"502",9,6,1,248,25,14,47,"261,756",87,"0",1,2,"0","0",1,86,165,32,1
"503",9,2,1,179,51,18,38,"261,756",87,"0",1,0,"1","0",0,89,170,31,4
"504",9,4,1,225,26,9,28,"261,756",87,"0",1,1,"0","0",2,69,169,24,1
"505",9,2,1,179,26,9,30,"261,756",87,"0",3,0,"0","0",0,56,171,19,2
"506",9,3,4,369,17,12,31,"261,756",87,"0",1,3,"1","0",0,70,169,25,8
"507",9,3,4,361,52,3,28,"261,756",87,"0",1,1,"1","0",4,80,172,27,8
"508",10,5,4,289,48,29,49,"284,853",91,"0",1,0,"0","0",2,108,172,36,1
"509",10,5,4,235,16,8,32,"284,853",91,"0",3,0,"0","0",0,75,178,25,3
"510",10,6,4,246,25,16,41,"284,853",91,"0",1,0,"1","0",0,67,170,23,8
"511",10,4,4,289,48,29,49,"284,853",91,"0",1,0,"0","0",2,108,172,36,3
"512",10,4,4,291,31,12,40,"284,853",91,"0",1,1,"1","0",1,73,171,25,2
"513",10,3,4,118,10,10,37,"284,853",91,"0",1,0,"0","0",0,83,172,28,2
"514",10,5,4,289,48,29,49,"284,853",91,"0",1,0,"0","0",2,108,172,36,2
"515",10,6,4,291,31,12,40,"284,853",91,"0",1,1,"1","0",1,73,171,25,1
"516",10,3,4,225,26,9,28,"284,853",91,"0",1,1,"0","0",2,69,169,24,2
"517",10,3,4,369,17,12,31,"284,853",91,"0",1,3,"1","0",0,70,169,25,8
"518",10,3,4,369,17,12,31,"284,853",91,"0",1,3,"1","0",0,70,169,25,3
"519",10,3,4,225,26,9,28,"284,853",91,"0",1,1,"0","0",2,69,169,24,4
"520",10,3,4,369,17,12,31,"284,853",91,"0",1,3,"1","0",0,70,169,25,8
"521",10,4,4,179,51,18,38,"284,853",91,"0",1,0,"1","0",0,89,170,31,3
"522",10,4,4,228,14,16,58,"284,853",91,"0",1,2,"0","0",1,65,172,22,1
"523",10,4,4,291,31,12,40,"284,853",91,"0",1,1,"1","0",1,73,171,25,1
"524",10,5,4,369,17,12,31,"284,853",91,"0",1,3,"1","0",0,70,169,25,8
"525",10,5,4,225,26,9,28,"284,853",91,"0",1,1,"0","0",2,69,169,24,1
"526",10,6,4,369,17,12,31,"284,853",91,"0",1,3,"1","0",0,70,169,25,8
"527",10,6,4,225,26,9,28,"284,853",91,"0",1,1,"0","0",2,69,169,24,3
"528",10,2,4,189,29,13,33,"284,853",91,"0",1,2,"0","0",2,69,167,25,8
"529",10,2,4,235,16,8,32,"284,853",91,"0",3,0,"0","0",0,75,178,25,8
"530",10,2,4,248,25,14,47,"284,853",91,"0",1,2,"0","0",1,86,165,32,8
"531",10,2,4,225,26,9,28,"284,853",91,"1",1,1,"0","0",2,69,169,24,0
"532",10,3,4,225,26,9,28,"284,853",91,"0",1,1,"0","0",2,69,169,24,3
"533",11,3,4,179,51,18,38,"268,519",93,"0",1,0,"1","0",0,89,170,31,1
"534",11,4,4,118,10,10,37,"268,519",93,"0",1,0,"0","0",0,83,172,28,3
"535",11,4,4,330,16,4,28,"268,519",93,"0",2,0,"0","0",0,84,182,25,24
"536",11,6,4,179,51,18,38,"268,519",93,"0",1,0,"1","0",0,89,170,31,1
"537",11,3,4,118,10,10,37,"268,519",93,"0",1,0,"0","0",0,83,172,28,8
"538",11,4,4,289,36,13,33,"268,519",93,"0",1,2,"1","0",1,90,172,30,8
"539",11,6,4,235,16,8,32,"268,519",93,"0",3,0,"0","0",0,75,178,25,8
"540",11,6,4,225,26,9,28,"268,519",93,"0",1,1,"0","0",2,69,169,24,4
"541",11,3,4,361,52,3,28,"268,519",93,"0",1,1,"1","0",4,80,172,27,8
"542",11,4,4,291,31,12,40,"268,519",93,"0",1,1,"1","0",1,73,171,25,2
"543",11,5,4,118,10,10,37,"268,519",93,"0",1,0,"0","0",0,83,172,28,2
"544",11,5,4,225,26,9,28,"268,519",93,"0",1,1,"0","0",2,69,169,24,3
"545",11,2,4,179,51,18,38,"268,519",93,"0",1,0,"1","0",0,89,170,31,1
"546",11,2,4,118,10,10,37,"268,519",93,"0",1,0,"0","0",0,83,172,28,8
"547",11,3,4,118,10,10,37,"268,519",93,"0",1,0,"0","0",0,83,172,28,8
"548",11,3,4,225,26,9,28,"268,519",93,"0",1,1,"0","0",2,69,169,24,2
"549",11,3,4,291,31,12,40,"268,519",93,"1",1,1,"1","0",1,73,171,25,0
"550",11,4,4,289,36,13,33,"268,519",93,"1",1,2,"1","0",1,90,172,30,0
"551",11,5,4,248,25,14,47,"268,519",93,"0",1,2,"0","0",1,86,165,32,4
"552",11,5,4,235,20,13,43,"268,519",93,"1",1,1,"1","0",0,106,167,38,0
"553",11,6,4,225,26,9,28,"268,519",93,"0",1,1,"0","0",2,69,169,24,2
"554",11,6,4,369,17,12,31,"268,519",93,"0",1,3,"1","0",0,70,169,25,8
"555",11,2,4,361,52,3,28,"268,519",93,"0",1,1,"1","0",4,80,172,27,2
"556",12,3,4,179,51,18,38,"280,549",98,"0",1,0,"1","0",0,89,170,31,32
"557",12,4,4,291,31,12,40,"280,549",98,"0",1,1,"1","0",1,73,171,25,1
"558",12,4,4,225,26,9,28,"280,549",98,"0",1,1,"0","0",2,69,169,24,3
"559",12,6,4,179,26,9,30,"280,549",98,"0",3,0,"0","0",0,56,171,19,1
"560",12,6,4,225,26,9,28,"280,549",98,"0",1,1,"0","0",2,69,169,24,3
"561",12,4,4,225,26,9,28,"280,549",98,"0",1,1,"0","0",2,69,169,24,3
"562",12,5,4,361,52,3,28,"280,549",98,"0",1,1,"1","0",4,80,172,27,4
"563",12,6,4,179,22,17,40,"280,549",98,"0",2,2,"0","1",0,63,170,22,2
"564",12,6,4,235,20,13,43,"280,549",98,"0",1,1,"1","0",0,106,167,38,8
"565",12,2,4,233,51,1,31,"280,549",98,"0",2,1,"1","0",8,68,178,21,8
"566",12,3,4,179,26,9,30,"280,549",98,"0",3,0,"0","0",0,56,171,19,16
"567",12,3,4,225,26,9,28,"280,549",98,"0",1,1,"0","0",2,69,169,24,2
"568",12,5,4,225,26,9,28,"280,549",98,"0",1,1,"0","0",2,69,169,24,3
"569",12,2,4,225,26,9,28,"280,549",98,"0",1,1,"0","0",2,69,169,24,2
"570",12,3,2,155,12,14,34,"280,549",98,"0",1,2,"1","0",0,95,196,25,80
"571",1,2,2,179,26,9,30,"313,532",96,"0",3,0,"0","0",0,56,171,19,24
"572",1,5,2,179,26,9,30,"313,532",96,"0",3,0,"0","0",0,56,171,19,16
"573",1,5,2,179,22,17,40,"313,532",96,"0",2,2,"0","1",0,63,170,22,2
"574",1,6,2,179,22,17,40,"313,532",96,"0",2,2,"0","1",0,63,170,22,2
"575",1,2,2,179,26,9,30,"313,532",96,"0",3,0,"0","0",0,56,171,19,3
"576",1,4,2,179,22,17,40,"313,532",96,"0",2,2,"0","1",0,63,170,22,2
"577",1,5,2,289,48,29,49,"313,532",96,"0",1,0,"0","0",2,108,172,36,8
"578",1,6,2,179,22,17,40,"313,532",96,"0",2,2,"0","1",0,63,170,22,3
"579",1,2,2,179,26,9,30,"313,532",96,"0",3,0,"0","0",0,56,171,19,2
"580",1,3,2,155,12,14,34,"313,532",96,"0",1,2,"1","0",0,95,196,25,8
"581",1,4,2,179,26,9,30,"313,532",96,"0",3,0,"0","0",0,56,171,19,2
"582",1,4,2,179,51,18,38,"313,532",96,"0",1,0,"1","0",0,89,170,31,3
"583",1,4,2,289,36,13,33,"313,532",96,"0",1,2,"1","0",1,90,172,30,8
"584",1,5,2,179,51,18,38,"313,532",96,"0",1,0,"1","0",0,89,170,31,3
"585",1,6,2,179,51,18,38,"313,532",96,"0",1,0,"1","0",0,89,170,31,2
"586",2,3,2,179,51,18,38,"264,249",97,"0",1,0,"1","0",0,89,170,31,8
"587",2,3,2,225,26,9,28,"264,249",97,"0",1,1,"0","0",2,69,169,24,3
"588",2,4,2,248,25,14,47,"264,249",97,"0",1,2,"0","0",1,86,165,32,8
"589",2,4,2,179,51,18,38,"264,249",97,"0",1,0,"1","0",0,89,170,31,2
"590",2,5,2,225,26,9,28,"264,249",97,"0",1,1,"0","0",2,69,169,24,3
"591",2,5,2,179,51,18,38,"264,249",97,"0",1,0,"1","0",0,89,170,31,2
"592",2,5,2,179,26,9,30,"264,249",97,"0",3,0,"0","0",0,56,171,19,2
"593",2,6,2,225,15,15,41,"264,249",97,"0",4,2,"1","0",2,94,182,28,2
"594",2,6,2,179,51,18,38,"264,249",97,"0",1,0,"1","0",0,89,170,31,2
"595",2,2,2,233,51,1,31,"264,249",97,"0",2,1,"1","0",8,68,178,21,2
"596",2,2,2,179,51,18,38,"264,249",97,"0",1,0,"1","0",0,89,170,31,2
"597",2,3,2,225,26,9,28,"264,249",97,"0",1,1,"0","0",2,69,169,24,8
"598",2,4,2,179,51,18,38,"264,249",97,"0",1,0,"1","0",0,89,170,31,3
"599",2,5,2,179,51,18,38,"264,249",97,"0",1,0,"1","0",0,89,170,31,3
"600",2,5,2,225,26,9,28,"264,249",97,"0",1,1,"0","0",2,69,169,24,3
"601",2,5,2,179,26,9,30,"264,249",97,"0",3,0,"0","0",0,56,171,19,2
"602",2,6,2,179,22,17,40,"264,249",97,"0",2,2,"0","1",0,63,170,22,2
"603",2,6,2,179,51,18,38,"264,249",97,"0",1,0,"1","0",0,89,170,31,3
"604",2,4,2,233,51,1,31,"264,249",97,"0",2,1,"1","0",8,68,178,21,3
"605",2,4,2,179,26,9,30,"264,249",97,"0",3,0,"0","0",0,56,171,19,2
"606",2,4,2,179,51,18,38,"264,249",97,"0",1,0,"1","0",0,89,170,31,2
"607",2,5,2,179,51,18,38,"264,249",97,"0",1,0,"1","0",0,89,170,31,8
"608",2,6,2,179,51,18,38,"264,249",97,"0",1,0,"1","0",0,89,170,31,2
"609",2,2,2,155,12,14,34,"264,249",97,"0",1,2,"1","0",0,95,196,25,5
"610",2,2,2,235,16,8,32,"264,249",97,"0",3,0,"0","0",0,75,178,25,3
"611",2,2,2,179,51,18,38,"264,249",97,"0",1,0,"1","0",0,89,170,31,2
"612",2,2,2,225,26,9,28,"264,249",97,"0",1,1,"0","0",2,69,169,24,2
"613",2,3,2,179,51,18,38,"264,249",97,"0",1,0,"1","0",0,89,170,31,2
"614",2,3,2,248,25,14,47,"264,249",97,"0",1,2,"0","0",1,86,165,32,2
"615",2,3,2,225,26,9,28,"264,249",97,"0",1,1,"0","0",2,69,169,24,2
"616",2,4,2,179,51,18,38,"264,249",97,"0",1,0,"1","0",0,89,170,31,2
"617",2,5,2,179,51,18,38,"264,249",97,"0",1,0,"1","0",0,89,170,31,2
"618",2,6,2,235,16,8,32,"264,249",97,"0",3,0,"0","0",0,75,178,25,2
"619",3,2,2,179,51,18,38,"222,196",99,"0",1,0,"1","0",0,89,170,31,2
"620",3,2,2,248,25,14,47,"222,196",99,"0",1,2,"0","0",1,86,165,32,2
"621",3,3,2,228,14,16,58,"222,196",99,"0",1,2,"0","0",1,65,172,22,3
"622",3,3,2,248,25,14,47,"222,196",99,"0",1,2,"0","0",1,86,165,32,3
"623",3,3,2,228,14,16,58,"222,196",99,"0",1,2,"0","0",1,65,172,22,112
"624",3,4,2,179,51,18,38,"222,196",99,"0",1,0,"1","0",0,89,170,31,2
"625",3,5,2,225,26,9,28,"222,196",99,"0",1,1,"0","0",2,69,169,24,2
"626",3,5,2,179,51,18,38,"222,196",99,"0",1,0,"1","0",0,89,170,31,3
"627",3,5,2,225,26,9,28,"222,196",99,"0",1,1,"0","0",2,69,169,24,2
"628",3,6,2,179,26,9,30,"222,196",99,"0",3,0,"0","0",0,56,171,19,3
"629",3,2,2,235,16,8,32,"222,196",99,"0",3,0,"0","0",0,75,178,25,3
"630",3,2,2,361,52,3,28,"222,196",99,"0",1,1,"1","0",4,80,172,27,8
"631",3,3,2,179,51,18,38,"222,196",99,"0",1,0,"1","0",0,89,170,31,8
"632",3,4,2,179,51,18,38,"222,196",99,"0",1,0,"1","0",0,89,170,31,2
"633",3,5,2,179,51,18,38,"222,196",99,"0",1,0,"1","0",0,89,170,31,3
"634",3,6,2,179,26,9,30,"222,196",99,"0",3,0,"0","0",0,56,171,19,2
"635",3,2,2,179,51,18,38,"222,196",99,"0",1,0,"1","0",0,89,170,31,4
"636",3,2,2,248,25,14,47,"222,196",99,"0",1,2,"0","0",1,86,165,32,2
"637",3,2,2,179,51,18,38,"222,196",99,"0",1,0,"1","0",0,89,170,31,3
"638",3,2,2,225,26,9,28,"222,196",99,"0",1,1,"0","0",2,69,169,24,8
"639",3,3,2,179,51,18,38,"222,196",99,"0",1,0,"1","0",0,89,170,31,2
"640",3,4,2,289,36,13,33,"222,196",99,"0",1,2,"1","0",1,90,172,30,8
"641",3,4,2,228,14,16,58,"222,196",99,"0",1,2,"0","0",1,65,172,22,2
"642",3,4,2,179,51,18,38,"222,196",99,"0",1,0,"1","0",0,89,170,31,2
"643",3,5,2,248,25,14,47,"222,196",99,"0",1,2,"0","0",1,86,165,32,3
"644",3,5,2,179,51,18,38,"222,196",99,"0",1,0,"1","0",0,89,170,31,3
"645",3,6,2,179,26,9,30,"222,196",99,"0",3,0,"0","0",0,56,171,19,2
"646",3,6,2,179,51,18,38,"222,196",99,"0",1,0,"1","0",0,89,170,31,3
"647",3,3,3,179,51,18,38,"222,196",99,"0",1,0,"1","0",0,89,170,31,3
"648",3,4,3,118,15,24,46,"222,196",99,"0",1,2,"1","1",0,75,175,25,8
"649",3,4,3,155,12,14,34,"222,196",99,"0",1,2,"1","0",0,95,196,25,24
"650",3,4,3,179,51,18,38,"222,196",99,"0",1,0,"1","0",0,89,170,31,3
"651",3,5,3,179,51,18,38,"222,196",99,"0",1,0,"1","0",0,89,170,31,3
"652",3,2,3,179,26,9,30,"222,196",99,"0",3,0,"0","0",0,56,171,19,2
"653",3,2,3,289,36,13,33,"222,196",99,"0",1,2,"1","0",1,90,172,30,104
"654",3,4,3,369,17,12,31,"222,196",99,"0",1,3,"1","0",0,70,169,25,8
"655",4,2,3,225,26,9,28,"246,288",91,"0",1,1,"0","0",2,69,169,24,8
"656",4,2,3,118,10,10,37,"246,288",91,"0",1,0,"0","0",0,83,172,28,8
"657",4,3,3,361,52,3,28,"246,288",91,"0",1,1,"1","0",4,80,172,27,8
"658",4,4,3,248,25,14,47,"246,288",91,"0",1,2,"0","0",1,86,165,32,8
"659",4,5,3,189,29,13,33,"246,288",91,"0",1,2,"0","0",2,69,167,25,8
"660",4,6,3,179,26,9,30,"246,288",91,"0",3,0,"0","0",0,56,171,19,2
"661",4,2,3,369,17,12,31,"246,288",91,"0",1,3,"1","0",0,70,169,25,24
"662",4,3,3,179,22,17,40,"246,288",91,"0",2,2,"0","1",0,63,170,22,2
"663",4,3,3,118,13,18,50,"246,288",91,"0",1,1,"1","0",0,98,178,31,3
"664",4,3,3,361,52,3,28,"246,288",91,"0",1,1,"1","0",4,80,172,27,2
"665",4,4,3,118,10,10,37,"246,288",91,"0",1,0,"0","0",0,83,172,28,2
"666",4,6,3,235,11,14,37,"246,288",91,"0",3,1,"0","0",1,88,172,29,8
"667",4,6,3,179,26,9,30,"246,288",91,"0",3,0,"0","0",0,56,171,19,2
"668",4,2,3,225,26,9,28,"246,288",91,"0",1,1,"0","0",2,69,169,24,8
"669",4,3,3,235,16,8,32,"246,288",91,"0",3,0,"0","0",0,75,178,25,3
"670",4,6,3,179,26,9,30,"246,288",91,"0",3,0,"0","0",0,56,171,19,2
"671",4,3,3,155,12,14,34,"246,288",91,"0",1,2,"1","0",0,95,196,25,4
"672",4,5,3,225,26,9,28,"246,288",91,"0",1,1,"0","0",2,69,169,24,8
"673",4,5,3,118,13,18,50,"246,288",91,"0",1,1,"1","0",0,98,178,31,2
"674",4,6,3,179,26,9,30,"246,288",91,"0",3,0,"0","0",0,56,171,19,2
"675",5,2,3,235,11,14,37,"237,656",99,"0",3,1,"0","0",1,88,172,29,8
"676",5,4,3,225,15,15,41,"237,656",99,"0",4,2,"1","0",2,94,182,28,3
"677",5,4,3,235,16,8,32,"237,656",99,"0",3,0,"0","0",0,75,178,25,2
"678",5,4,3,118,10,10,37,"237,656",99,"0",1,0,"0","0",0,83,172,28,3
"679",5,4,3,235,20,13,43,"237,656",99,"0",1,1,"1","0",0,106,167,38,8
"680",5,5,3,179,26,9,30,"237,656",99,"0",3,0,"0","0",0,56,171,19,1
"681",5,5,3,291,31,12,40,"237,656",99,"0",1,1,"1","0",1,73,171,25,2
"682",5,5,3,225,15,15,41,"237,656",99,"0",4,2,"1","0",2,94,182,28,8
"683",5,6,3,300,26,13,43,"237,656",99,"0",1,2,"1","1",1,77,175,25,64
"684",5,6,3,225,15,15,41,"237,656",99,"0",4,2,"1","0",2,94,182,28,8
"685",5,6,3,179,26,9,30,"237,656",99,"0",3,0,"0","0",0,56,171,19,2
"686",5,2,3,118,13,18,50,"237,656",99,"0",1,1,"1","0",0,98,178,31,2
"687",5,3,3,118,13,18,50,"237,656",99,"0",1,1,"1","0",0,98,178,31,3
"688",5,3,3,118,10,10,37,"237,656",99,"0",1,0,"0","0",0,83,172,28,1
"689",5,3,3,118,13,18,50,"237,656",99,"1",1,1,"1","0",0,98,178,31,0
"690",5,4,3,179,26,9,30,"237,656",99,"0",3,0,"0","0",0,56,171,19,2
"691",5,4,3,378,49,11,36,"237,656",99,"1",1,2,"0","1",4,65,174,21,0
"692",5,6,3,179,22,17,40,"237,656",99,"0",2,2,"0","1",0,63,170,22,1
"693",5,2,3,155,12,14,34,"237,656",99,"0",1,2,"1","0",0,95,196,25,48
"694",5,2,3,235,16,8,32,"237,656",99,"0",3,0,"0","0",0,75,178,25,8
"695",5,4,3,291,31,12,40,"237,656",99,"0",1,1,"1","0",1,73,171,25,8
"696",5,4,3,179,22,17,40,"237,656",99,"0",2,2,"0","1",0,63,170,22,8
"697",5,4,3,225,26,9,28,"237,656",99,"0",1,1,"0","0",2,69,169,24,3
"698",5,5,3,330,16,4,28,"237,656",99,"0",2,0,"0","0",0,84,182,25,8
"699",5,5,3,235,16,8,32,"237,656",99,"0",3,0,"0","0",0,75,178,25,2
"700",5,5,3,291,31,12,40,"237,656",99,"0",1,1,"1","0",1,73,171,25,2
"701",5,6,3,179,26,9,30,"237,656",99,"0",3,0,"0","0",0,56,171,19,2
"702",5,2,3,361,52,3,28,"237,656",99,"0",1,1,"1","0",4,80,172,27,8
"703",5,4,3,155,12,14,34,"237,656",99,"0",1,2,"1","0",0,95,196,25,2
"704",5,6,3,179,22,17,40,"237,656",99,"0",2,2,"0","1",0,63,170,22,8
"705",5,6,3,155,12,14,34,"237,656",99,"0",1,2,"1","0",0,95,196,25,8
"706",5,2,3,225,26,9,28,"237,656",99,"0",1,1,"0","0",2,69,169,24,1
"707",6,4,3,118,15,24,46,"275,089",96,"0",1,2,"1","1",0,75,175,25,8
"708",6,4,3,179,26,9,30,"275,089",96,"0",3,0,"0","0",0,56,171,19,3
"709",6,6,3,118,10,10,37,"275,089",96,"0",1,0,"0","0",0,83,172,28,8
"710",6,4,3,118,10,10,37,"275,089",96,"0",1,0,"0","0",0,83,172,28,8
"711",6,5,3,378,49,11,36,"275,089",96,"0",1,2,"0","1",4,65,174,21,8
"712",6,5,3,118,13,18,50,"275,089",96,"0",1,1,"1","0",0,98,178,31,24
"713",6,6,3,233,51,1,31,"275,089",96,"0",2,1,"1","0",8,68,178,21,8
"714",6,6,3,179,26,9,30,"275,089",96,"0",3,0,"0","0",0,56,171,19,2
"715",6,2,3,235,29,12,48,"275,089",96,"1",1,1,"0","1",5,88,163,33,0
"716",6,2,3,268,11,8,33,"275,089",96,"1",2,0,"0","0",0,79,178,25,0
"717",6,5,3,118,13,18,50,"275,089",96,"0",1,1,"1","0",0,98,178,31,3
"718",6,5,3,179,26,9,30,"275,089",96,"0",3,0,"0","0",0,56,171,19,2
"719",6,5,3,291,31,12,40,"275,089",96,"0",1,1,"1","0",1,73,171,25,2
"720",6,2,1,179,26,9,30,"275,089",96,"0",3,0,"0","0",0,56,171,19,3
"721",6,2,1,118,10,10,37,"275,089",96,"0",1,0,"0","0",0,83,172,28,3
"722",6,5,1,233,51,1,31,"275,089",96,"0",2,1,"1","0",8,68,178,21,8
"723",6,6,1,118,10,10,37,"275,089",96,"0",1,0,"0","0",0,83,172,28,2
"724",6,4,1,118,10,10,37,"275,089",96,"0",1,0,"0","0",0,83,172,28,3
"725",6,4,1,233,51,1,31,"275,089",96,"0",2,1,"1","0",8,68,178,21,3
"726",7,4,1,235,20,13,43,"264,604",93,"0",1,1,"1","0",0,106,167,38,4
"727",7,6,1,233,51,1,31,"264,604",93,"0",2,1,"1","0",8,68,178,21,2
"728",7,2,1,228,14,16,58,"264,604",93,"0",1,2,"0","0",1,65,172,22,8
"729",7,2,1,118,10,10,37,"264,604",93,"0",1,0,"0","0",0,83,172,28,4
"730",7,3,1,228,14,16,58,"264,604",93,"0",1,2,"0","0",1,65,172,22,120
"731",7,3,1,189,29,13,33,"264,604",93,"0",1,2,"0","0",2,69,167,25,16
"732",7,4,1,118,10,10,37,"264,604",93,"0",1,0,"0","0",0,83,172,28,2
"733",7,4,1,361,52,3,28,"264,604",93,"0",1,1,"1","0",4,80,172,27,8
"734",7,4,1,225,26,9,28,"264,604",93,"0",1,1,"0","0",2,69,169,24,8
"735",7,2,1,369,17,12,31,"264,604",93,"0",1,3,"1","0",0,70,169,25,80
"736",7,3,1,289,36,13,33,"264,604",93,"0",1,2,"1","0",1,90,172,30,8
"737",7,3,1,235,11,14,37,"264,604",93,"0",3,1,"0","0",1,88,172,29,4
